<?xml version="1.0" encoding="UTF-8"?>
<beans xmlns="http://www.springframework.org/schema/beans" xmlns:xsi="http://www.w3.org/2001/XMLSchema-instance" xmlns:context="http://www.springframework.org/schema/context" xmlns:tx="http://www.springframework.org/schema/tx" xmlns:jee="http://www.springframework.org/schema/jee" default-autowire="byName" xmlns:util="http://www.springframework.org/schema/util"
	xsi:schemaLocation="http://www.springframework.org/schema/jee http://www.springframework.org/schema/jee/spring-jee-3.0.xsd
		http://www.springframework.org/schema/beans http://www.springframework.org/schema/beans/spring-beans-3.0.xsd
		http://www.springframework.org/schema/context http://www.springframework.org/schema/context/spring-context-3.0.xsd
		http://www.springframework.org/schema/tx http://www.springframework.org/schema/tx/spring-tx-3.0.xsd
		http://www.springframework.org/schema/util http://www.springframework.org/schema/util/spring-util-3.0.xsd">

	<util:properties location="classpath:pronto.properties" id="pronto"/>

	<jee:jndi-lookup id="dataSource" jndi-name="java:comp/env/jdbc/pronto" />

	<!-- Naming Strategy | use underline on each camel case separation in the column names -->
	<bean id="namingStrategy" class="org.hibernate.cfg.ImprovedNamingStrategy" />

	<!-- Session Factory -->
	<bean id="sessionFactory" class="org.springframework.orm.hibernate3.annotation.AnnotationSessionFactoryBean">
		<property name="configLocation" value="classpath:hibernate.cfg.xml" />
		<property name="namingStrategy" ref="namingStrategy" />
		<property name="dataSource" ref="dataSource" />
	</bean>

	<context:component-scan base-package="br.com.bluesoft.pronto.dao" />

</beans>