<?xml version="1.0" encoding="UTF-8"?>
<!DOCTYPE hibernate-configuration PUBLIC "-//Hibernate/Hibernate Configuration DTD 3.0//EN"
                                         "http://hibernate.sourceforge.net/hibernate-configuration-3.0.dtd">
<hibernate-configuration>
	<session-factory>

		<!-- properties -->
		<property name="hibernate.dialect">org.hibernate.dialect.PostgreSQLDialect</property>
		<property name="hibernate.jdbc.fetch_size">20</property>
		<property name="hibernate.jdbc.batch_size">20</property>
		<property name="hibernate.show_sql">false</property>
		
		<property name="hibernate.connection.autocommit">false</property>
		<property name="connection.autocommit">false</property> 

		<!-- core classes -->
		<mapping class="br.com.bluesoft.pronto.core.Backlog" />
		<mapping class="br.com.bluesoft.pronto.core.KanbanStatus" />
		<mapping class="br.com.bluesoft.pronto.core.Papel" />
		<mapping class="br.com.bluesoft.pronto.core.TipoDeTicket" />
		<mapping class="br.com.bluesoft.pronto.core.TipoRetrospectivaItem" />
		<mapping class="br.com.bluesoft.pronto.core.TipoRetrospectiva"  />

		<!-- model classes -->
		<mapping class="br.com.bluesoft.pronto.model.Categoria" />
		<mapping class="br.com.bluesoft.pronto.model.Configuracao" />
		<mapping class="br.com.bluesoft.pronto.model.Cliente" />
		<mapping class="br.com.bluesoft.pronto.model.Sprint" />
		<mapping class="br.com.bluesoft.pronto.model.Ticket" />
		<mapping class="br.com.bluesoft.pronto.model.Usuario" />
		<mapping class="br.com.bluesoft.pronto.model.TicketLog" />
		<mapping class="br.com.bluesoft.pronto.model.TicketComentario" />
		
		<mapping class="br.com.bluesoft.pronto.model.Retrospectiva" />
		<mapping class="br.com.bluesoft.pronto.model.RetrospectivaItem" />
		
		<mapping class="br.com.bluesoft.pronto.model.BancoDeDados" />
		<mapping class="br.com.bluesoft.pronto.model.Script" />
		<mapping class="br.com.bluesoft.pronto.model.Execucao" />

	</session-factory>
</hibernate-configuration>