<?xml version="1.0" encoding="UTF-8"?>
<beans xmlns="http://www.springframework.org/schema/beans" xmlns:xsi="http://www.w3.org/2001/XMLSchema-instance" xmlns:context="http://www.springframework.org/schema/context" xmlns:p="http://www.springframework.org/schema/p" xmlns:mvc="http://www.springframework.org/schema/mvc"
	xsi:schemaLocation="http://www.springframework.org/schema/beans http://www.springframework.org/schema/beans/spring-beans-3.0.xsd
		http://www.springframework.org/schema/context http://www.springframework.org/schema/context/spring-context-3.0.xsd
		http://www.springframework.org/schema/mvc http://www.springframework.org/schema/mvc/spring-mvc-3.0.xsd">

	<mvc:annotation-driven />

	<context:component-scan base-package="br.com.bluesoft.pronto" />

	<bean class="org.springframework.web.servlet.mvc.support.ControllerClassNameHandlerMapping">
		<property name="basePackage" value="br.com.bluesoft.pronto.controlller" />
	</bean>

	<bean id="localeResolver" class="org.springframework.web.servlet.i18n.FixedLocaleResolver">
		<property name="defaultLocale" value="pt_BR" />
	</bean>

	<!-- Controllers driven by annotations -->
	<bean name="internalPathMethodNameResolver" class="org.springframework.web.servlet.mvc.multiaction.InternalPathMethodNameResolver" />
	<bean class="org.springframework.web.servlet.mvc.annotation.DefaultAnnotationHandlerMapping" />
	<bean class="org.springframework.web.servlet.mvc.annotation.AnnotationMethodHandlerAdapter">
		<property name="methodNameResolver" ref="internalPathMethodNameResolver" />
		<property name="webBindingInitializer">
			<bean class="br.com.bluesoft.pronto.web.binding.DefaultBindingInitializer" />
		</property>
	</bean>

</beans>