<?xml version="1.0" encoding="utf-8"?>
<!DOCTYPE urlrewrite PUBLIC "-//tuckey.org//DTD UrlRewrite 3.0//EN" "http://tuckey.org/res/dtds/urlrewrite3.0.dtd">
<urlrewrite default-match-type="wildcard">
	<rule>
		<from>/commons/**</from>
		<to>/commons/$1</to>
	</rule>
	<rule match-type="regex">
		<from>(.*)(\.js|\.css|\.gif|\.jsp|\.swf)</from>
		<to>$1$2</to>
	</rule>
	<rule>
		<from>/**</from>
		<to>/app/$1</to>
	</rule>
	<rule>
		<from>/</from>
		<to>/kanban</to>
	</rule>
	<outbound-rule>
		<from>/app/**</from>
		<to>/$1</to>
	</outbound-rule>
</urlrewrite>