<?xml version="1.0" encoding="UTF-8"?>
<!DOCTYPE log4j:configuration SYSTEM "log4j.dtd">

<!-- ===================================================================== -->
<!--                                                                       -->
<!--  Log4j Configuration                                                  -->
<!--                                                                       -->
<!-- ===================================================================== -->

<!-- $Id: jboss-log4j.xml 65459 2007-09-19 00:25:51Z dimitris@jboss.org $ -->

<!--
   | For more configuration infromation and examples see the Jakarta Log4j
   | owebsite: http://jakarta.apache.org/log4j
 -->

<log4j:configuration xmlns:log4j="http://jakarta.apache.org/log4j/" debug="false">

   <!-- ================================= -->
   <!-- Preserve messages in a local file -->
   <!-- ================================= -->

   <!-- A time/date based rolling appender -->
   <appender name="FILE" class="org.jboss.logging.appender.DailyRollingFileAppender">
      <errorHandler class="org.jboss.logging.util.OnlyOnceErrorHandler"/>
      <param name="File" value="${jboss.server.log.dir}/server.log"/>
      <param name="Append" value="false"/>
      <param name="Threshold" value="ERROR" />

      <!-- Rollover at midnight each day -->
      <param name="DatePattern" value="'.'yyyy-MM-dd"/>

      <layout class="org.apache.log4j.PatternLayout">
         <!-- The default pattern: Date Priority [Category] Message\n -->
         <param name="ConversionPattern" value="%d %-5p [%c] %m%n"/>

         <!-- The full pattern: Date MS Priority [Category] (Thread:NDC) Message\n
         <param name="ConversionPattern" value="%d %-5r %-5p [%c] (%t:%x) %m%n"/>
          -->
      </layout>

   </appender>

   <appender name="TEC" class="org.jboss.logging.appender.DailyRollingFileAppender">
      <errorHandler class="org.jboss.logging.util.OnlyOnceErrorHandler"/>
      <param name="File" value="${jboss.server.log.dir}/tec.log"/>
      <param name="Append" value="false"/>
      <param name="Threshold" value="WARN" />

      <!-- Rollover at midnight each day -->
      <param name="DatePattern" value="'.'yyyy-MM-dd"/>

      <layout class="org.apache.log4j.PatternLayout">
         <!-- The default pattern: Date Priority [Category] Message\n -->
         <param name="ConversionPattern" value="%d %-5p [%c] %m%n"/>

         <!-- The full pattern: Date MS Priority [Category] (Thread:NDC) Message\n
         <param name="ConversionPattern" value="%d %-5r %-5p [%c] (%t:%x) %m%n"/>
          -->
      </layout>

      <filter class="org.jboss.logging.filter.TCLFilter">
         <param name="AcceptOnMatch" value="true"/>
         <param name="DeployURL" value="pedreira.war"/>
      </filter>

   </appender>

   <!-- ============================== -->
   <!-- Append messages to the console -->
   <!-- ============================== -->

   <appender name="CONSOLE" class="org.apache.log4j.ConsoleAppender">
      <errorHandler class="org.jboss.logging.util.OnlyOnceErrorHandler"/>
      <param name="Target" value="System.out"/>
      <param name="Threshold" value="INFO"/>

      <layout class="org.apache.log4j.PatternLayout">
         <!-- The default pattern: Date Priority [Category] Message\n -->
         <param name="ConversionPattern" value="%d{ABSOLUTE} %-5p [%c{1}] %m%n"/>
      </layout>
   </appender>
  
   <!-- EMail events to an administrator
   <appender name="SMTP" class="org.apache.log4j.net.SMTPAppender">
     <errorHandler class="org.jboss.logging.util.OnlyOnceErrorHandler"/>
     <param name="Threshold" value="ERROR"/>
     <param name="To" value="admin@myhost.domain.com"/>
     <param name="From" value="nobody@myhost.domain.com"/>
     <param name="Subject" value="JBoss Sever Errors"/>
     <param name="SMTPHost" value="localhost"/>
     <param name="BufferSize" value="10"/>
     <layout class="org.apache.log4j.PatternLayout">
       <param name="ConversionPattern" value="[%d{ABSOLUTE},%c{1}] %m%n"/>
     </layout>
   </appender>
   -->

   <!--  Emit events as JMX notifications
   <appender name="JMX" class="org.jboss.monitor.services.JMXNotificationAppender">
      <errorHandler class="org.jboss.logging.util.OnlyOnceErrorHandler"/>
      
      <param name="Threshold" value="WARN"/>
      <param name="ObjectName" value="jboss.system:service=Logging,type=JMXNotificationAppender"/>
      
      <layout class="org.apache.log4j.PatternLayout">
         <param name="ConversionPattern" value="%d %-5p [%c] %m"/>
      </layout>
   </appender>
   -->
   
   <!-- ================ -->
   <!-- Limit categories -->
   <!-- ================ -->

   <!-- Limit the org.apache category to INFO as its DEBUG is verbose -->
   <category name="org.apache">
      <priority value="INFO"/>
   </category>

   <!-- Limit the jacorb category to WARN as its INFO is verbose -->
   <category name="jacorb">
      <priority value="WARN"/>
   </category>
   
   <!-- Limit the org.jgroups category to WARN as its INFO is verbose -->
   <category name="org.jgroups">
      <priority value="WARN"/>
   </category>
   
   <!-- Limit the org.quartz category to INFO as its DEBUG is verbose -->
   <category name="org.quartz">
      <priority value="INFO"/>
   </category>

   <!-- Limit JBoss categories
   <category name="org.jboss">
      <priority value="INFO"/>
   </category>
   -->

   <!-- Limit the JSR77 categories -->
   <category name="org.jboss.management">
      <priority value="INFO"/>
   </category>

   <!-- Show the evolution of the DataSource pool in the logs [inUse/Available/Max]
   <category name="org.jboss.resource.connectionmanager.JBossManagedConnectionPool">
     <priority value="TRACE"/>
   </category>
   -->
   
   <!-- Limit the org.jboss.serial (jboss-serialization) to INFO as its DEBUG is verbose -->
   <category name="org.jboss.serial">
      <priority value="INFO"/>
   </category>
   
   <!-- ======================= -->
   <!-- Setup the Root category -->
   <!-- ======================= -->

   <root>
      <appender-ref ref="CONSOLE"/>
      <appender-ref ref="FILE"/>
      <appender-ref ref="TEC"/>
   </root>

</log4j:configuration>
