<?xml version="1.0" encoding="UTF-8"?>

<jar-versions>
  <jar name="FastInfoset.jar" specVersion="1.0" specVendor="JBoss (http://www.jboss.org/)" specTitle="ITU-T Rec. X.891 | ISO/IEC 24824-1 (Fast Infoset)" implVersion="1.2.2" implVendor="Sun Microsystems, Inc." implTitle="Fast Infoset Implementation " implVendorID="com.sun" implURL="http://www.jboss.org/" sealed="false" md5Digest="c16cec395b7e7ed1f18e8ec58a5992d7"/>
  <jar name="activation.jar" specVersion="1.1" specVendor="Sun Microsystems, Inc." specTitle="JavaBeans(TM) Activation Framework Specification" implVersion="1.1" implVendor="Sun Microsystems, Inc." implTitle="Sun Java System Application Server" implVendorID="com.sun" implURL="http://www.jboss.org/" sealed="false" md5Digest="f7209f1d5a729bd3ec5b9a8f64aaf52d"/>
  <jar name="antlr.jar" specVersion="4.2.3.GA" specVendor="JBoss (http://www.jboss.org/)" specTitle="JBoss" implVersion="4.2.3.GA (build: SVNTag=JBoss_4_2_3_GA date=200807181417)" implVendor="JBoss Inc." implTitle="JBoss [Trinity]" implVendorID="http://www.jboss.org/" implURL="http://www.jboss.org/" sealed="false" md5Digest="427a626997bd275aa44f5122b2514f23"/>
  <jar name="applet.jar" specVersion="4.2.3.GA" specVendor="JBoss (http://www.jboss.org/)" specTitle="JBoss" implVersion="4.2.3.GA (build: SVNTag=JBoss_4_2_3_GA date=200807181417)" implVendor="JBoss Inc." implTitle="JBoss [Trinity]" implVendorID="http://www.jboss.org/" implURL="http://www.jboss.org/" sealed="false" md5Digest="f5c234e57d65688ca30eb655f1be2ea9"/>
  <jar name="autonumber-plugin.jar" specVersion="4.2.3.GA" specVendor="JBoss (http://www.jboss.org/)" specTitle="JBoss" implVersion="4.2.3.GA (build: SVNTag=JBoss_4_2_3_GA date=200807181417)" implVendor="JBoss Inc." implTitle="JBoss [Trinity]" implVendorID="http://www.jboss.org/" implURL="http://www.jboss.org/" sealed="false" md5Digest="4a97a5557a3382af5dd80a41afdabbe6"/>
  <jar name="avalon-framework.jar" specVersion="4.2.3.GA" specVendor="JBoss (http://www.jboss.org/)" specTitle="JBoss" implVersion="4.2.3.GA (build: SVNTag=JBoss_4_2_3_GA date=200807181417)" implVendor="JBoss Inc." implTitle="JBoss [Trinity]" implVendorID="http://www.jboss.org/" implURL="http://www.jboss.org/" sealed="false" md5Digest="454225e0a00903f2c18d763fd049194a"/>
  <jar name="bcel.jar" specVersion="4.2.3.GA" specVendor="JBoss (http://www.jboss.org/)" specTitle="JBoss" implVersion="4.2.3.GA (build: SVNTag=JBoss_4_2_3_GA date=200807181417)" implVendor="JBoss Inc." implTitle="JBoss [Trinity]" implVendorID="http://www.jboss.org/" implURL="http://www.jboss.org/" sealed="false" md5Digest="40a7c28d09095b665337d68fb1f6e701"/>
  <jar name="bindingservice-plugin.jar" specVersion="4.2.3.GA" specVendor="JBoss (http://www.jboss.org/)" specTitle="JBoss" implVersion="4.2.3.GA (build: SVNTag=JBoss_4_2_3_GA date=200807181417)" implVendor="JBoss Inc." implTitle="JBoss [Trinity]" implVendorID="http://www.jboss.org/" implURL="http://www.jboss.org/" sealed="false" md5Digest="e0aea8f7d64e4a5fcd7343b1023a7a91"/>
  <jar name="bsf.jar" specVersion="4.2.3.GA" specVendor="JBoss (http://www.jboss.org/)" specTitle="JBoss" implVersion="4.2.3.GA (build: SVNTag=JBoss_4_2_3_GA date=200807181417)" implVendor="JBoss Inc." implTitle="JBoss [Trinity]" implVendorID="http://www.jboss.org/" implURL="http://www.jboss.org/" sealed="false" md5Digest="b31d613ed1ad27709ecf69a45b7c5871"/>
  <jar name="bsh-deployer.jar" specVersion="4.2.3.GA" specVendor="JBoss (http://www.jboss.org/)" specTitle="JBoss" implVersion="4.2.3.GA (build: SVNTag=JBoss_4_2_3_GA date=200807181417)" implVendor="JBoss Inc." implTitle="JBoss [Trinity]" implVendorID="http://www.jboss.org/" implURL="http://www.jboss.org/" sealed="false" md5Digest="3f645b02bed97ad49f79f4815f67576f"/>
  <jar name="bsh.jar" specVersion="4.2.3.GA" specVendor="JBoss (http://www.jboss.org/)" specTitle="JBoss" implVersion="4.2.3.GA (build: SVNTag=JBoss_4_2_3_GA date=200807181417)" implVendor="JBoss Inc." implTitle="JBoss [Trinity]" implVendorID="http://www.jboss.org/" implURL="http://www.jboss.org/" sealed="false" md5Digest="ad46df3e525cf4184d81b9aab19c7a32"/>
  <jar name="cglib.jar" specVersion="4.2.3.GA" specVendor="JBoss (http://www.jboss.org/)" specTitle="JBoss" implVersion="4.2.3.GA (build: SVNTag=JBoss_4_2_3_GA date=200807181417)" implVendor="JBoss Inc." implTitle="JBoss [Trinity]" implVendorID="http://www.jboss.org/" implURL="http://www.jboss.org/" sealed="false" md5Digest="39cc2892f2685fdfb334facc2d46d987"/>
  <jar name="commons-codec.jar" specVersion="1.3" specVendor="Apache Software Foundation" specTitle="Jakarta Commons Codec" implVersion="1.3" implVendor="Apache Software Foundation" implTitle="org.apache.commons.codec" implVendorID="http://www.jboss.org/" implURL="http://www.jboss.org/" sealed="false" md5Digest="9825d488fa3a997d5c06baf3d48aa449"/>
  <jar name="commons-collections.jar" specVersion="3.1" specVendor="Apache Software Foundation" specTitle="Commons Collections" implVersion="3.1" implVendor="Apache Software Foundation" implTitle="JBoss [Trinity]" implVendorID="" implURL="http://www.jboss.org/" sealed="false" md5Digest="d189500ddcf9df40f96a59ff7b8fe088"/>
  <jar name="commons-httpclient.jar" specVersion="1.0" specVendor="Apache Software Foundation" specTitle="JBoss" implVersion="3.0.1" implVendor="Apache Software Foundation" implTitle="JBoss [Trinity]" implVendorID="http://www.jboss.org/" implURL="http://www.jboss.org/" sealed="false" md5Digest="95367679b84ce374d568e6b6db61f14e"/>
  <jar name="commons-logging.jar" specVersion="1.0" specVendor="Apache Software Foundation" specTitle="Jakarta Commons Logging" implVersion="1.1.0.jboss" implVendor="Red Hat Middleware LLC" implTitle="Jakarta Commons Logging" implVendorID="jboss.org" implURL="http://www.jboss.org/" sealed="false" md5Digest="2e1b9a19bace2d8ad321d93bad576b18"/>
  <jar name="concurrent.jar" specVersion="4.2.3.GA" specVendor="JBoss (http://www.jboss.org/)" specTitle="JBoss" implVersion="4.2.3.GA (build: SVNTag=JBoss_4_2_3_GA date=200807181417)" implVendor="JBoss Inc." implTitle="JBoss [Trinity]" implVendorID="http://www.jboss.org/" implURL="http://www.jboss.org/" sealed="false" md5Digest="98f3ba3d030b8b9e1d50af7b83d6c2ff"/>
  <jar name="console-mgr-classes.jar" specVersion="4.2.3.GA" specVendor="JBoss (http://www.jboss.org/)" specTitle="JBoss" implVersion="4.2.3.GA (build: SVNTag=JBoss_4_2_3_GA date=200807181417)" implVendor="JBoss Inc." implTitle="JBoss [Trinity]" implVendorID="http://www.jboss.org/" implURL="http://www.jboss.org/" sealed="false" md5Digest="10ada74eab97cd18a2112db718754a6e"/>
  <jar name="deployment-service.sar" specVersion="4.2.3.GA" specVendor="JBoss (http://www.jboss.org/)" specTitle="JBoss" implVersion="4.2.3.GA (build: SVNTag=JBoss_4_2_3_GA date=200807181417)" implVendor="JBoss Inc." implTitle="JBoss [Trinity]" implVendorID="http://www.jboss.org/" implURL="http://www.jboss.org/" sealed="false" md5Digest="be7740b15a8d5c0d0196371e10ad3c25"/>
  <jar name="derby-plugin.jar" specVersion="4.2.3.GA" specVendor="JBoss (http://www.jboss.org/)" specTitle="JBoss" implVersion="4.2.3.GA (build: SVNTag=JBoss_4_2_3_GA date=200807181417)" implVendor="JBoss Inc." implTitle="JBoss [Trinity]" implVendorID="http://www.jboss.org/" implURL="http://www.jboss.org/" sealed="false" md5Digest="950724a7cdde4077cabe6d7b5eb3fc44"/>
  <jar name="dom4j.jar" specVersion="4.2.3.GA" specVendor="JBoss (http://www.jboss.org/)" specTitle="JBoss" implVersion="4.2.3.GA (build: SVNTag=JBoss_4_2_3_GA date=200807181417)" implVendor="JBoss Inc." implTitle="JBoss [Trinity]" implVendorID="http://www.jboss.org/" implURL="http://www.jboss.org/" sealed="false" md5Digest="188753cb819e2b241a77f11dc35b330b"/>
  <jar name="ejb-management.jar" specVersion="4.2.3.GA" specVendor="JBoss (http://www.jboss.org/)" specTitle="JBoss" implVersion="4.2.3.GA (build: SVNTag=JBoss_4_2_3_GA date=200807181417)" implVendor="JBoss Inc." implTitle="JBoss [Trinity]" implVendorID="http://www.jboss.org/" implURL="http://www.jboss.org/" sealed="false" md5Digest="8b3fbc756085ee503a4828d5aea449f6"/>
  <jar name="ejb3-persistence.jar" specVersion="3.0 Final Release" specVendor="Sun Microsystems, Inc." specTitle="EJB 3.0" implVersion="3.0 Final Release September 22 2006" implVendor="hibernate.org" implTitle="EJB" implVendorID="http://www.jboss.org/" implURL="http://www.jboss.org/" sealed="false" md5Digest="c5b54cf226e4f684dc00b01433a905e"/>
  <jar name="el-api.jar" specVersion="4.2.3.GA" specVendor="JBoss (http://www.jboss.org/)" specTitle="JBoss" implVersion="4.2.3.GA (build: SVNTag=JBoss_4_2_3_GA date=200807181417)" implVendor="JBoss Inc." implTitle="JBoss [Trinity]" implVendorID="http://www.jboss.org/" implURL="http://www.jboss.org/" sealed="false" md5Digest="828afc1f232be3f7959a5c3b80e23036"/>
  <jar name="getopt.jar" specVersion="4.2.3.GA" specVendor="JBoss (http://www.jboss.org/)" specTitle="JBoss" implVersion="4.2.3.GA (build: SVNTag=JBoss_4_2_3_GA date=200807181417)" implVendor="JBoss Inc." implTitle="JBoss [Trinity]" implVendorID="http://www.jboss.org/" implURL="http://www.jboss.org/" sealed="false" md5Digest="b78e316f64cfc24c0cb0b685a3eda112"/>
  <jar name="hibernate-annotations.jar" specVersion="4.2.3.GA" specVendor="JBoss (http://www.jboss.org/)" specTitle="JBoss" implVersion="4.2.3.GA (build: SVNTag=JBoss_4_2_3_GA date=200807181417)" implVendor="JBoss Inc." implTitle="JBoss [Trinity]" implVendorID="http://www.jboss.org/" implURL="http://www.jboss.org/" sealed="false" md5Digest="4ec776cf827f4d76063e49693b7a6f7f"/>
  <jar name="hibernate-client.jar" specVersion="4.2.3.GA" specVendor="JBoss (http://www.jboss.org/)" specTitle="JBoss" implVersion="4.2.3.GA (build: SVNTag=JBoss_4_2_3_GA date=200807181417)" implVendor="JBoss Inc." implTitle="JBoss [Trinity]" implVendorID="http://www.jboss.org/" implURL="http://www.jboss.org/" sealed="false" md5Digest="415187a25fd1200c448fc0b110bcca6"/>
  <jar name="hibernate-entitymanager.jar" specVersion="4.2.3.GA" specVendor="JBoss (http://www.jboss.org/)" specTitle="JBoss" implVersion="4.2.3.GA (build: SVNTag=JBoss_4_2_3_GA date=200807181417)" implVendor="JBoss Inc." implTitle="JBoss [Trinity]" implVendorID="http://www.jboss.org/" implURL="http://www.jboss.org/" sealed="false" md5Digest="40eccb8f4987f0d5acd36dcb71aa9b65"/>
  <jar name="hibernate3.jar" specVersion="4.2.3.GA" specVendor="JBoss (http://www.jboss.org/)" specTitle="JBoss" implVersion="3.2.4.sp1" implVendor="hibernate.org" implTitle="Hibernate3" implVendorID="http://www.jboss.org/" implURL="http://www.jboss.org/" sealed="false" md5Digest="c484e73d2d02ff42c02b3e2a204a5792"/>
  <jar name="hsqldb-plugin.jar" specVersion="4.2.3.GA" specVendor="JBoss (http://www.jboss.org/)" specTitle="JBoss" implVersion="4.2.3.GA (build: SVNTag=JBoss_4_2_3_GA date=200807181417)" implVendor="JBoss Inc." implTitle="JBoss [Trinity]" implVendorID="http://www.jboss.org/" implURL="http://www.jboss.org/" sealed="false" md5Digest="e5402adb17534b43f02b750b5718ed3d"/>
  <jar name="hsqldb.jar" specVersion="4.2.3.GA" specVendor="JBoss (http://www.jboss.org/)" specTitle="JBoss" implVersion="4.2.3.GA (build: SVNTag=JBoss_4_2_3_GA date=200807181417)" implVendor="JBoss Inc." implTitle="JBoss [Trinity]" implVendorID="http://www.jboss.org/" implURL="http://www.jboss.org/" sealed="false" md5Digest="61d224af1c7d0e77dd88cf4b869b60a1"/>
  <jar name="jacorb.jar" specVersion="4.2.3.GA" specVendor="JBoss (http://www.jboss.org/)" specTitle="JBoss" implVersion="4.2.3.GA (build: SVNTag=JBoss_4_2_3_GA date=200807181417)" implVendor="JBoss Inc." implTitle="JBoss [Trinity]" implVendorID="http://www.jboss.org/" implURL="http://www.jboss.org/" sealed="false" md5Digest="40f6473134f040ccca2e3931c5235542"/>
  <jar name="jasper-jdt.jar" specVersion="4.2.3.GA" specVendor="JBoss (http://www.jboss.org/)" specTitle="JBoss" implVersion="4.2.3.GA (build: SVNTag=JBoss_4_2_3_GA date=200807181417)" implVendor="JBoss Inc." implTitle="JBoss [Trinity]" implVendorID="http://www.jboss.org/" implURL="http://www.jboss.org/" sealed="false" md5Digest="2c408a013ebef7616f5773774143f7e1"/>
  <jar name="javassist.jar" specVersion="3.8.0.GA" specVendor="Shigeru Chiba, Tokyo Institute of Technology" specTitle="Javassist" implVersion="4.2.3.GA (build: SVNTag=JBoss_4_2_3_GA date=200807181417)" implVendor="JBoss Inc." implTitle="JBoss [Trinity]" implVendorID="http://www.jboss.org/" implURL="http://www.jboss.org/" sealed="false" md5Digest="6b5873ffb4c50a6ff90908ae197b9ecc"/>
  <jar name="jaxb-api.jar" specVersion="2.1" specVendor="Sun Microsystems, Inc." specTitle="Java Architecture for XML Binding" implVersion="4.2.3.GA (build: SVNTag=JBoss_4_2_3_GA date=200807181417)" implVendor="JBoss Inc." implTitle="JBoss [Trinity]" implVendorID="http://www.jboss.org/" implURL="http://www.jboss.org/" sealed="false" md5Digest="a514c80d7040407699a9df5bed822bd9"/>
  <jar name="jaxb-impl.jar" specVersion="2.1" specVendor="Sun Microsystems, Inc." specTitle="Java Architecture for XML Binding" implVersion="2.1.4" implVendor="Sun Microsystems, Inc." implTitle="JAXB Reference Implementation " implVendorID="com.sun" implURL="http://www.jboss.org/" sealed="false" md5Digest="3470f537ddc0049298295e12b35d312a"/>
  <jar name="jaxb-xjc.jar" specVersion="2.1" specVendor="Sun Microsystems, Inc." specTitle="Java Architecture for XML Binding" implVersion="2.1.4" implVendor="Sun Microsystems, Inc." implTitle="JAXB Reference Implementation " implVendorID="com.sun" implURL="http://www.jboss.org/" sealed="false" md5Digest="fd1b54ae68aaaed85843a515eee03bea"/>
  <jar name="jaxen.jar" specVersion="4.2.3.GA" specVendor="Codehaus" specTitle="Universal Java XPath Engine" implVersion="1.1" implVendor="Codehaus" implTitle="org.jaxen" implVendorID="http://www.jboss.org/" implURL="http://www.jboss.org/" sealed="false" md5Digest="4f0bd3abf2137eefc28e42d9eb6a69bd"/>
  <jar name="jaxws-rt.jar" specVersion="2.0" specVendor="JBoss (http://www.jboss.org/)" specTitle="The Java API for XML Web Services" implVersion="2.0" implVendor="Sun Microsystems Inc" implTitle="JAX-WS Implementation" implVendorID="com.sun" implURL="http://www.jboss.org/" sealed="false" md5Digest="a1b5a9730ad453d6662d5280607f9563"/>
  <jar name="jaxws-tools.jar" specVersion="2.0" specVendor="JBoss (http://www.jboss.org/)" specTitle="The Java API for XML Web Services" implVersion="2.0" implVendor="Sun Microsystems Inc" implTitle="JAX-WS Implementation" implVendorID="com.sun" implURL="http://www.jboss.org/" sealed="false" md5Digest="4e1c9f9dbdcc779e9f7750f2a9898697"/>
  <jar name="jboss-annotations-ejb3.jar" specVersion="JBoss EJB 3.0 AS 4.2.1 GA" specVendor="JBoss" specTitle="JBoss EJB 3.0" implVersion="JBoss EJB 3.0 AS 4.2.1 GA" implVendor="JBoss" implTitle="JBoss EJB 3.0" implVendorID="http://www.jboss.org/" implURL="http://www.jboss.com/products/ejb3" sealed="false" md5Digest="74e3de016bf940af2b83e4753355711f"/>
  <jar name="jboss-aop-jdk50-client.jar" specVersion="jboss-aop-1.5.6.GA" specVendor="JBoss (http://www.jboss.org/)" specTitle="JBoss AOP Framework" implVersion="jboss-aop-1.5.6.GA" implVendor="JBoss.org" implTitle="JBoss AOP Framework" implVendorID="http://www.jboss.org/" implURL="http://www.jboss.org/" sealed="false" md5Digest="1fd902f89d5bf626495a3005ff283005"/>
  <jar name="jboss-aop-jdk50.jar" specVersion="jboss-aop-1.5.6.GA" specVendor="JBoss (http://www.jboss.org/)" specTitle="JBoss AOP Framework" implVersion="jboss-aop-1.5.6.GA" implVendor="JBoss.org" implTitle="JBoss AOP Framework" implVendorID="http://www.jboss.org/" implURL="http://www.jboss.org/" sealed="false" md5Digest="d1a347c467035f825018ddece21cca77"/>
  <jar name="jboss-aspect-jdk50-client.jar" specVersion="jboss-aspect-library-1.5" specVendor="JBoss (http://www.jboss.org/)" specTitle="JBoss AOP Aspect Library" implVersion="jboss-aspect-library-1.5" implVendor="JBoss Inc." implTitle="JBoss AOP Aspect Library" implVendorID="http://www.jboss.org/" implURL="http://www.jboss.org/" sealed="false" md5Digest="9643b6d8a05a11bcf3345deb8d5c2aaf"/>
  <jar name="jboss-aspect-library-jdk50.jar" specVersion="jboss-aspect-library-1.5" specVendor="JBoss (http://www.jboss.org/)" specTitle="JBoss AOP Aspect Library" implVersion="jboss-aspect-library-1.5" implVendor="JBoss Inc." implTitle="JBoss AOP Aspect Library" implVendorID="http://www.jboss.org/" implURL="http://www.jboss.org/" sealed="false" md5Digest="16e9cfdc12b372b84ea8a5936ab05ae"/>
  <jar name="jboss-bean-deployer.jar" specVersion="4.2.3.GA" specVendor="JBoss (http://www.jboss.org/)" specTitle="JBoss" implVersion="4.2.3.GA (build: SVNTag=JBoss_4_2_3_GA date=200807181417)" implVendor="JBoss Inc." implTitle="JBoss [Trinity]" implVendorID="http://www.jboss.org/" implURL="http://www.jboss.org/" sealed="false" md5Digest="dfaaaecc520fb36e0255b685033381e7"/>
  <jar name="jboss-cache-jdk50.jar" specVersion="1.4.1.SP9" specVendor="JBoss Inc." specTitle="JBossCache" implVersion="1.4.1.SP9" implVendor="JBoss Inc." implTitle="JBossCache" implVendorID="http://www.jboss.org/" implURL="http://www.jboss.org/" sealed="false" md5Digest="73c950c01fe246a50f5a21ef8f97b8ce"/>
  <jar name="jboss-client.jar" specVersion="4.2.3.GA" specVendor="JBoss (http://www.jboss.org/)" specTitle="JBoss" implVersion="4.2.3.GA (build: SVNTag=JBoss_4_2_3_GA date=200807181417)" implVendor="JBoss Inc." implTitle="JBoss [Trinity]" implVendorID="http://www.jboss.org/" implURL="http://www.jboss.org/" sealed="false" md5Digest="25362cfc2c766952b67d42f583e66e31"/>
  <jar name="jboss-common-client.jar" specVersion="1.2.1.GA" specVendor="JBoss (http://www.jboss.org/)" specTitle="JBoss Common" implVersion="1.2.1.GA (build: SVNTag=JBossCommon_1_2_1_GA date=200709251905)" implVendor="JBoss.org" implTitle="JBoss Common [Trinity]" implVendorID="http://www.jboss.org/" implURL="http://www.jboss.org/" sealed="false" md5Digest="5432accc41d891e35da918d8042dc24c"/>
  <jar name="jboss-common-jdbc-wrapper.jar" specVersion="4.2.3.GA" specVendor="JBoss (http://www.jboss.org/)" specTitle="JBoss" implVersion="4.2.3.GA (build: SVNTag=JBoss_4_2_3_GA date=200807181417)" implVendor="JBoss Inc." implTitle="JBoss [Trinity]" implVendorID="http://www.jboss.org/" implURL="http://www.jboss.org/" sealed="false" md5Digest="bbb02dd3b7303ce1fbca0fc61152a3fa"/>
  <jar name="jboss-common.jar" specVersion="1.2.1.GA" specVendor="JBoss (http://www.jboss.org/)" specTitle="JBoss Common" implVersion="1.2.1.GA (build: SVNTag=JBossCommon_1_2_1_GA date=200709251905)" implVendor="JBoss.org" implTitle="JBoss Common [Trinity]" implVendorID="http://www.jboss.org/" implURL="http://www.jboss.org/" sealed="false" md5Digest="1e088c59f40b021b3567759198349c81"/>
  <jar name="jboss-container.jar" specVersion="5.0.0" specVendor="JBoss (http://www.jboss.org/)" specTitle="JBoss" implVersion="5.0.0alpha (build: CVSTag=HEAD date=200601252203)" implVendor="JBoss.org" implTitle="JBoss [TheOne]" implVendorID="http://www.jboss.org/" implURL="http://www.jboss.org/" sealed="false" md5Digest="dff3e8bdf70fc8cfd89bc855894e37b6"/>
  <jar name="jboss-dependency.jar" specVersion="5.0.0" specVendor="JBoss (http://www.jboss.org/)" specTitle="JBoss" implVersion="5.0.0alpha (build: CVSTag=HEAD date=200601252203)" implVendor="JBoss.org" implTitle="JBoss [TheOne]" implVendorID="http://www.jboss.org/" implURL="http://www.jboss.org/" sealed="false" md5Digest="e0e3d7d874bf2aa3827e3a83d73b67af"/>
  <jar name="jboss-deployment.jar" specVersion="1.1" specVendor="Sun Microsystems, Inc." specTitle="J2EE Deployment API" implVersion="1.1-DEV" implVendor="JBoss Inc." implTitle="JBoss JSR-88 Deployment API" implVendorID="http://www.jboss.org/" implURL="http://www.jboss.org/" sealed="false" md5Digest="7f213e49d537277d2f2ad1fbdaba35db"/>
  <jar name="jboss-ejb3-client.jar" specVersion="JBoss EJB 3.0 AS 4.2.1 GA" specVendor="JBoss" specTitle="JBoss EJB 3.0" implVersion="JBoss EJB 3.0 AS 4.2.1 GA" implVendor="JBoss" implTitle="JBoss EJB 3.0" implVendorID="http://www.jboss.org/" implURL="http://www.jboss.com/products/ejb3" sealed="false" md5Digest="d7e2cc187eb361f427270baaccd42ad3"/>
  <jar name="jboss-ejb3.jar" specVersion="JBoss EJB 3.0 AS 4.2.1 GA" specVendor="JBoss" specTitle="JBoss EJB 3.0" implVersion="JBoss EJB 3.0 AS 4.2.1 GA" implVendor="JBoss" implTitle="JBoss EJB 3.0" implVendorID="http://www.jboss.org/" implURL="http://www.jboss.com/products/ejb3" sealed="false" md5Digest="fabcf9bb22521c1d503b6df689aefc58"/>
  <jar name="jboss-ejb3x.jar" specVersion="4.2.3.GA" specVendor="JBoss (http://www.jboss.org/)" specTitle="JBoss" implVersion="4.2.3.GA (build: SVNTag=JBoss_4_2_3_GA date=200807181417)" implVendor="JBoss Inc." implTitle="JBoss [Trinity]" implVendorID="http://www.jboss.org/" implURL="http://www.jboss.org/" sealed="false" md5Digest="8e02f164b00585c816db37591db8441d"/>
  <jar name="jboss-faces.jar" specVersion="4.2.3.GA" specVendor="JBoss (http://www.jboss.org/)" specTitle="JBoss" implVersion="4.2.3.GA (build: SVNTag=JBoss_4_2_3_GA date=200807181417)" implVendor="JBoss Inc." implTitle="JBoss [Trinity]" implVendorID="http://www.jboss.org/" implURL="http://www.jboss.org/" sealed="false" md5Digest="ef2cec9b6fa792ec48ef5fc0924a0d4d"/>
  <jar name="jboss-ha-local-jdbc.rar" specVersion="4.2.3.GA" specVendor="JBoss (http://www.jboss.org/)" specTitle="JBoss" implVersion="4.2.3.GA (build: SVNTag=JBoss_4_2_3_GA date=200807181417)" implVendor="JBoss Inc." implTitle="JBoss [Trinity]" implVendorID="http://www.jboss.org/" implURL="http://www.jboss.org/" sealed="false" md5Digest="ec1eae69cc00b88502b4a995d36bc357"/>
  <jar name="jboss-ha-xa-jdbc.rar" specVersion="4.2.3.GA" specVendor="JBoss (http://www.jboss.org/)" specTitle="JBoss" implVersion="4.2.3.GA (build: SVNTag=JBoss_4_2_3_GA date=200807181417)" implVendor="JBoss Inc." implTitle="JBoss [Trinity]" implVendorID="http://www.jboss.org/" implURL="http://www.jboss.org/" sealed="false" md5Digest="508cb628571a7684f2e0581b38c1936e"/>
  <jar name="jboss-hibernate.jar" specVersion="4.2.3.GA" specVendor="JBoss (http://www.jboss.org/)" specTitle="JBoss" implVersion="4.2.3.GA (build: SVNTag=JBoss_4_2_3_GA date=200807181417)" implVendor="JBoss Inc." implTitle="JBoss [Trinity]" implVendorID="http://www.jboss.org/" implURL="http://www.jboss.org/" sealed="false" md5Digest="f33c4f2e18eee7ea125d77a53a82918e"/>
  <jar name="jboss-iiop-client.jar" specVersion="4.2.3.GA" specVendor="JBoss (http://www.jboss.org/)" specTitle="JBoss" implVersion="4.2.3.GA (build: SVNTag=JBoss_4_2_3_GA date=200807181417)" implVendor="JBoss Inc." implTitle="JBoss [Trinity]" implVendorID="http://www.jboss.org/" implURL="http://www.jboss.org/" sealed="false" md5Digest="20f8f5c75d76dc7008b00249fcc307eb"/>
  <jar name="jboss-iiop.jar" specVersion="4.2.3.GA" specVendor="JBoss (http://www.jboss.org/)" specTitle="JBoss" implVersion="4.2.3.GA (build: SVNTag=JBoss_4_2_3_GA date=200807181417)" implVendor="JBoss Inc." implTitle="JBoss [Trinity]" implVendorID="http://www.jboss.org/" implURL="http://www.jboss.org/" sealed="false" md5Digest="ef43c9d13353b9cfcd6d6b9d99202eb"/>
  <jar name="jboss-j2ee.jar" specVersion="4.2.3.GA" specVendor="JBoss (http://www.jboss.org/)" specTitle="JBoss" implVersion="4.2.3.GA (build: SVNTag=JBoss_4_2_3_GA date=200807181417)" implVendor="JBoss Inc." implTitle="JBoss [Trinity]" implVendorID="http://www.jboss.org/" implURL="http://www.jboss.org/" sealed="false" md5Digest="c98b0da4e36a204e178c29c47c12b046"/>
  <jar name="jboss-jaxb-intros.jar" specVersion="jbossws-2.0" specVendor="JBoss (http://www.jboss.org)" specTitle="JBossWS" implVersion="jbossws-1.0.0.beta2 (build=200709211102)" implVendor="JBoss Inc." implTitle="JBoss Web Services - Integration JBoss42" implVendorID="http://www.jboss.org" implURL="http://www.jboss.org/products/jbossws" sealed="false" md5Digest="d51cc268e0d0b7c4710ca1faa4ce42d"/>
  <jar name="jboss-jaxrpc.jar" specVersion="jbossws-3.0" specVendor="JBoss (http://www.jboss.org)" specTitle="JBossWS" implVersion="jbossws-3.0.1-native-2.0.4.GA (build=200803312044)" implVendor="JBoss Inc." implTitle="JBoss Web Services - Native" implVendorID="http://www.jboss.org" implURL="http://www.jboss.org/products/jbossws" sealed="false" md5Digest="8bdd9200742e2d7b0aa9c85bb48c919e"/>
  <jar name="jboss-jaxws-ext.jar" specVersion="jbossws-3.0" specVendor="JBoss (http://www.jboss.org)" specTitle="JBossWS" implVersion="jbossws-3.0.1-native-2.0.4.GA (build=200803312044)" implVendor="JBoss Inc." implTitle="JBoss Web Services - Native" implVendorID="http://www.jboss.org" implURL="http://www.jboss.org/products/jbossws" sealed="false" md5Digest="7f9eb6a6f9e5186499341170d4f48a09"/>
  <jar name="jboss-jaxws.jar" specVersion="jbossws-3.0" specVendor="JBoss (http://www.jboss.org)" specTitle="JBossWS" implVersion="jbossws-3.0.1-native-2.0.4.GA (build=200803312044)" implVendor="JBoss Inc." implTitle="JBoss Web Services - Native" implVendorID="http://www.jboss.org" implURL="http://www.jboss.org/products/jbossws" sealed="false" md5Digest="b5a82c595f44d140a07dedbe4b2e472c"/>
  <jar name="jboss-jca.jar" specVersion="4.2.3.GA" specVendor="JBoss (http://www.jboss.org/)" specTitle="JBoss" implVersion="4.2.3.GA (build: SVNTag=JBoss_4_2_3_GA date=200807181417)" implVendor="JBoss Inc." implTitle="JBoss [Trinity]" implVendorID="http://www.jboss.org/" implURL="http://www.jboss.org/" sealed="false" md5Digest="b056baa926f5d0ea54a09d329b4fc15b"/>
  <jar name="jboss-jmx.jar" specVersion="4.2.3.GA" specVendor="JBoss (http://www.jboss.org/)" specTitle="JBoss" implVersion="4.2.3.GA (build: SVNTag=JBoss_4_2_3_GA date=200807181417)" implVendor="JBoss Inc." implTitle="JBoss [Trinity]" implVendorID="http://www.jboss.org/" implURL="http://www.jboss.org/" sealed="false" md5Digest="e1ab344b7fd2e06d7fd0cb761425e45"/>
  <jar name="jboss-jsr77-client.jar" specVersion="4.2.3.GA" specVendor="JBoss (http://www.jboss.org/)" specTitle="JBoss" implVersion="4.2.3.GA (build: SVNTag=JBoss_4_2_3_GA date=200807181417)" implVendor="JBoss Inc." implTitle="JBoss [Trinity]" implVendorID="http://www.jboss.org/" implURL="http://www.jboss.org/" sealed="false" md5Digest="3038c51fcea28eb2a2654be1b162d30d"/>
  <jar name="jboss-jsr77.jar" specVersion="4.2.3.GA" specVendor="JBoss (http://www.jboss.org/)" specTitle="JBoss" implVersion="4.2.3.GA (build: SVNTag=JBoss_4_2_3_GA date=200807181417)" implVendor="JBoss Inc." implTitle="JBoss [Trinity]" implVendorID="http://www.jboss.org/" implURL="http://www.jboss.org/" sealed="false" md5Digest="912419b7517f767f34cb2537b2e64dab"/>
  <jar name="jboss-jsr88.jar" specVersion="4.2.3.GA" specVendor="JBoss (http://www.jboss.org/)" specTitle="JBoss" implVersion="4.2.3.GA (build: SVNTag=JBoss_4_2_3_GA date=200807181417)" implVendor="JBoss Inc." implTitle="JBoss [Trinity]" implVendorID="http://www.jboss.org/" implURL="http://www.jboss.org/" sealed="false" md5Digest="ab78232699b23b88e3c7704e1da62846"/>
  <jar name="jboss-local-jdbc.rar" specVersion="4.2.3.GA" specVendor="JBoss (http://www.jboss.org/)" specTitle="JBoss" implVersion="4.2.3.GA (build: SVNTag=JBoss_4_2_3_GA date=200807181417)" implVendor="JBoss Inc." implTitle="JBoss [Trinity]" implVendorID="http://www.jboss.org/" implURL="http://www.jboss.org/" sealed="false" md5Digest="59fdb10794340f7d4223f6dc554f9ca7"/>
  <jar name="jboss-management.jar" specVersion="4.2.3.GA" specVendor="JBoss (http://www.jboss.org/)" specTitle="JBoss" implVersion="4.2.3.GA (build: SVNTag=JBoss_4_2_3_GA date=200807181417)" implVendor="JBoss Inc." implTitle="JBoss [Trinity]" implVendorID="http://www.jboss.org/" implURL="http://www.jboss.org/" sealed="false" md5Digest="c20e9d3caba0f960c8cb2128fe0730b1"/>
  <jar name="jboss-microcontainer.jar" specVersion="5.0.0" specVendor="JBoss (http://www.jboss.org/)" specTitle="JBoss" implVersion="5.0.0alpha (build: CVSTag=HEAD date=200601252203)" implVendor="JBoss.org" implTitle="JBoss [TheOne]" implVendorID="http://www.jboss.org/" implURL="http://www.jboss.org/" sealed="false" md5Digest="f3654fecda69cfcf4b81513579bb150f"/>
  <jar name="jboss-minimal.jar" specVersion="4.2.3.GA" specVendor="JBoss (http://www.jboss.org/)" specTitle="JBoss" implVersion="4.2.3.GA (build: SVNTag=JBoss_4_2_3_GA date=200807181417)" implVendor="JBoss Inc." implTitle="JBoss [Trinity]" implVendorID="http://www.jboss.org/" implURL="http://www.jboss.org/" sealed="false" md5Digest="d38f548f2263bf4e9f5023adddf52b2a"/>
  <jar name="jboss-monitoring.jar" specVersion="4.2.3.GA" specVendor="JBoss (http://www.jboss.org/)" specTitle="JBoss" implVersion="4.2.3.GA (build: SVNTag=JBoss_4_2_3_GA date=200807181417)" implVendor="JBoss Inc." implTitle="JBoss [Trinity]" implVendorID="http://www.jboss.org/" implURL="http://www.jboss.org/" sealed="false" md5Digest="bcb7faccbca752241abf82247e50faaf"/>
  <jar name="jboss-remoting-int.jar" specVersion="4.2.3.GA" specVendor="JBoss (http://www.jboss.org/)" specTitle="JBoss" implVersion="4.2.3.GA (build: SVNTag=JBoss_4_2_3_GA date=200807181417)" implVendor="JBoss Inc." implTitle="JBoss [Trinity]" implVendorID="http://www.jboss.org/" implURL="http://www.jboss.org/" sealed="false" md5Digest="332711ed0a4b06f13692512a9090f036"/>
  <jar name="jboss-remoting.jar" specVersion="4.2.3.GA" specVendor="JBoss (http://www.jboss.org/)" specTitle="JBoss" implVersion="4.2.3.GA (build: SVNTag=JBoss_4_2_3_GA date=200807181417)" implVendor="JBoss Inc." implTitle="JBoss [Trinity]" implVendorID="http://www.jboss.org/" implURL="http://www.jboss.org/" sealed="false" md5Digest="bb0d4e8176882a283801a986cc36c484"/>
  <jar name="jboss-saaj.jar" specVersion="jbossws-3.0" specVendor="JBoss (http://www.jboss.org)" specTitle="JBossWS" implVersion="jbossws-3.0.1-native-2.0.4.GA (build=200803312044)" implVendor="JBoss Inc." implTitle="JBoss Web Services - Native" implVendorID="http://www.jboss.org" implURL="http://www.jboss.org/products/jbossws" sealed="false" md5Digest="ce87a5b43146013a525c556cef486b90"/>
  <jar name="jboss-serialization.jar" specVersion="4.2.3.GA" specVendor="JBoss (http://www.jboss.org/)" specTitle="JBoss" implVersion="4.2.3.GA (build: SVNTag=JBoss_4_2_3_GA date=200807181417)" implVendor="JBoss Inc." implTitle="JBoss [Trinity]" implVendorID="http://www.jboss.org/" implURL="http://www.jboss.org/" sealed="false" md5Digest="816fef7d042cc157d7953973f3aefffa"/>
  <jar name="jboss-srp-client.jar" specVersion="4.2.3.GA" specVendor="JBoss (http://www.jboss.org/)" specTitle="JBoss" implVersion="4.2.3.GA (build: SVNTag=JBoss_4_2_3_GA date=200807181417)" implVendor="JBoss Inc." implTitle="JBoss [Trinity]" implVendorID="http://www.jboss.org/" implURL="http://www.jboss.org/" sealed="false" md5Digest="c14df7b924d860260c61d8e9175f4b94"/>
  <jar name="jboss-srp.jar" specVersion="4.2.3.GA" specVendor="JBoss (http://www.jboss.org/)" specTitle="JBoss" implVersion="4.2.3.GA (build: SVNTag=JBoss_4_2_3_GA date=200807181417)" implVendor="JBoss Inc." implTitle="JBoss [Trinity]" implVendorID="http://www.jboss.org/" implURL="http://www.jboss.org/" sealed="false" md5Digest="fbcc3ccf3d33882d92c2e8ec0af09da3"/>
  <jar name="jboss-system-client.jar" specVersion="4.2.3.GA" specVendor="JBoss (http://www.jboss.org/)" specTitle="JBoss" implVersion="4.2.3.GA (build: SVNTag=JBoss_4_2_3_GA date=200807181417)" implVendor="JBoss Inc." implTitle="JBoss [Trinity]" implVendorID="http://www.jboss.org/" implURL="http://www.jboss.org/" sealed="false" md5Digest="a6134047ea0e2a780032401a9bdfab95"/>
  <jar name="jboss-system.jar" specVersion="4.2.3.GA" specVendor="JBoss (http://www.jboss.org/)" specTitle="JBoss" implVersion="4.2.3.GA (build: SVNTag=JBoss_4_2_3_GA date=200807181417)" implVendor="JBoss Inc." implTitle="JBoss [Trinity]" implVendorID="http://www.jboss.org/" implURL="http://www.jboss.org/" sealed="false" md5Digest="3b8b3a697206210abecc0ab668a25ba1"/>
  <jar name="jboss-transaction-client.jar" specVersion="4.2.3.GA" specVendor="JBoss (http://www.jboss.org/)" specTitle="JBoss" implVersion="4.2.3.GA (build: SVNTag=JBoss_4_2_3_GA date=200807181417)" implVendor="JBoss Inc." implTitle="JBoss [Trinity]" implVendorID="http://www.jboss.org/" implURL="http://www.jboss.org/" sealed="false" md5Digest="552abdfb5d5732dc30630d4cc5fecdde"/>
  <jar name="jboss-transaction.jar" specVersion="4.2.3.GA" specVendor="JBoss (http://www.jboss.org/)" specTitle="JBoss" implVersion="4.2.3.GA (build: SVNTag=JBoss_4_2_3_GA date=200807181417)" implVendor="JBoss Inc." implTitle="JBoss [Trinity]" implVendorID="http://www.jboss.org/" implURL="http://www.jboss.org/" sealed="false" md5Digest="f43bc3717eefd160f53c5ac769a52158"/>
  <jar name="jboss-vfs.jar" specVersion="1.0.0.GA" specVendor="JBoss, A division of Red Hat" specTitle="JBoss VFS" implVersion="1.0.0.GA" implVendor="JBoss, A division of Red Hat" implTitle="JBoss VFS" implVendorID="jboss" implURL="http://www.jboss.org/" sealed="false" md5Digest="918b8dfb4eb16c9c1a47a62f76a84947"/>
  <jar name="jboss-web-cluster.aop" specVersion="4.2.3.GA" specVendor="JBoss (http://www.jboss.org/)" specTitle="JBoss" implVersion="4.2.3.GA (build: SVNTag=JBoss_4_2_3_GA date=200807181417)" implVendor="JBoss Inc." implTitle="JBoss [Trinity]" implVendorID="http://www.jboss.org/" implURL="http://www.jboss.org/" sealed="false" md5Digest="b0c944bbff0bfa0b1f1bf1a13686b138"/>
  <jar name="jboss-xa-jdbc.rar" specVersion="4.2.3.GA" specVendor="JBoss (http://www.jboss.org/)" specTitle="JBoss" implVersion="4.2.3.GA (build: SVNTag=JBoss_4_2_3_GA date=200807181417)" implVendor="JBoss Inc." implTitle="JBoss [Trinity]" implVendorID="http://www.jboss.org/" implURL="http://www.jboss.org/" sealed="false" md5Digest="82fecbf0f168cb0ec2a6f4e088f01273"/>
  <jar name="jboss-xml-binding.jar" specVersion="1.0.0.SP3" specVendor="JBoss Inc." specTitle="JBoss XML Binding" implVersion="1.0.0.SP3" implVendor="JBoss Inc." implTitle="JBoss XML Binding" implVendorID="org.jboss" implURL="http://www.jboss.org" sealed="false" md5Digest="1ae38e1cb9bc8bf1654a8a9a3d75537f"/>
  <jar name="jboss.jar" specVersion="4.2.3.GA" specVendor="JBoss (http://www.jboss.org/)" specTitle="JBoss" implVersion="4.2.3.GA (build: SVNTag=JBoss_4_2_3_GA date=200807181417)" implVendor="JBoss Inc." implTitle="JBoss [Trinity]" implVendorID="http://www.jboss.org/" implURL="http://www.jboss.org/" sealed="false" md5Digest="caec01194b86108a7342d1565329fe6"/>
  <jar name="jbossall-client.jar" specVersion="4.2.3.GA" specVendor="JBoss (http://www.jboss.org/)" specTitle="JBoss" implVersion="4.2.3.GA (build: SVNTag=JBoss_4_2_3_GA date=200807181417)" implVendor="JBoss Inc." implTitle="JBoss [Trinity]" implVendorID="http://www.jboss.org/" implURL="http://www.jboss.org/" sealed="false" md5Digest="7c1bbe51954cc778745af5e6c146f0a6"/>
  <jar name="jbosscx-client.jar" specVersion="4.2.3.GA" specVendor="JBoss (http://www.jboss.org/)" specTitle="JBoss" implVersion="4.2.3.GA (build: SVNTag=JBoss_4_2_3_GA date=200807181417)" implVendor="JBoss Inc." implTitle="JBoss [Trinity]" implVendorID="http://www.jboss.org/" implURL="http://www.jboss.org/" sealed="false" md5Digest="d8caee77cfeb04cdce30b94a07fb1b17"/>
  <jar name="jbossha-client.jar" specVersion="4.2.3.GA" specVendor="JBoss (http://www.jboss.org/)" specTitle="JBoss" implVersion="4.2.3.GA (build: SVNTag=JBoss_4_2_3_GA date=200807181417)" implVendor="JBoss Inc." implTitle="JBoss [Trinity]" implVendorID="http://www.jboss.org/" implURL="http://www.jboss.org/" sealed="false" md5Digest="e503ef5fee6fcc7a0892e61064808266"/>
  <jar name="jbossha.jar" specVersion="4.2.3.GA" specVendor="JBoss (http://www.jboss.org/)" specTitle="JBoss" implVersion="4.2.3.GA (build: SVNTag=JBoss_4_2_3_GA date=200807181417)" implVendor="JBoss Inc." implTitle="JBoss [Trinity]" implVendorID="http://www.jboss.org/" implURL="http://www.jboss.org/" sealed="false" md5Digest="1a65ffbd0de0ec961fb40dd3c83f8d02"/>
  <jar name="jbossjmx-ant.jar" specVersion="4.2.3.GA" specVendor="JBoss (http://www.jboss.org/)" specTitle="JBoss" implVersion="4.2.3.GA (build: SVNTag=JBoss_4_2_3_GA date=200807181417)" implVendor="JBoss Inc." implTitle="JBoss [Trinity]" implVendorID="http://www.jboss.org/" implURL="http://www.jboss.org/" sealed="false" md5Digest="74ae02d1a84a1ab5a0fdf04fbaaeff59"/>
  <jar name="jbossjta-integration.jar" specVersion="4.2.3.GA" specVendor="JBoss (http://www.jboss.org/)" specTitle="JBoss" implVersion="4.2.3.GA (build: SVNTag=JBoss_4_2_3_GA date=200807181417)" implVendor="JBoss Inc." implTitle="JBoss [Trinity]" implVendorID="http://www.jboss.org/" implURL="http://www.jboss.org/" sealed="false" md5Digest="9240cd2dfffbeb6a5f61652eb8a4ab38"/>
  <jar name="jbossjta.jar" specVersion="4.2.3.GA" specVendor="JBoss (http://www.jboss.org/)" specTitle="JBoss" implVersion="4.2.3.GA (build: SVNTag=JBoss_4_2_3_GA date=200807181417)" implVendor="JBoss Inc." implTitle="JBoss [Trinity]" implVendorID="http://www.jboss.org/" implURL="http://www.jboss.org/" sealed="false" md5Digest="482714e2f635dd66ec7fc6b048ffe596"/>
  <jar name="jbossmq-client.jar" specVersion="4.2.3.GA" specVendor="JBoss (http://www.jboss.org/)" specTitle="JBoss" implVersion="4.2.3.GA (build: SVNTag=JBoss_4_2_3_GA date=200807181417)" implVendor="JBoss Inc." implTitle="JBoss [Trinity]" implVendorID="http://www.jboss.org/" implURL="http://www.jboss.org/" sealed="false" md5Digest="e9b46bc3c7d414b7c58d377d03316632"/>
  <jar name="jbossmq.jar" specVersion="4.2.3.GA" specVendor="JBoss (http://www.jboss.org/)" specTitle="JBoss" implVersion="4.2.3.GA (build: SVNTag=JBoss_4_2_3_GA date=200807181417)" implVendor="JBoss Inc." implTitle="JBoss [Trinity]" implVendorID="http://www.jboss.org/" implURL="http://www.jboss.org/" sealed="false" md5Digest="838acaca094071b8a7fa4e1ef87cedcb"/>
  <jar name="jbosssx-client.jar" specVersion="4.2.3.GA" specVendor="JBoss (http://www.jboss.org/)" specTitle="JBoss" implVersion="4.2.3.GA (build: SVNTag=JBoss_4_2_3_GA date=200807181417)" implVendor="JBoss Inc." implTitle="JBoss [Trinity]" implVendorID="http://www.jboss.org/" implURL="http://www.jboss.org/" sealed="false" md5Digest="f39de8cefb37f6d0816e942b0c21b60d"/>
  <jar name="jbosssx.jar" specVersion="4.2.3.GA" specVendor="JBoss (http://www.jboss.org/)" specTitle="JBoss" implVersion="4.2.3.GA (build: SVNTag=JBoss_4_2_3_GA date=200807181417)" implVendor="JBoss Inc." implTitle="JBoss [Trinity]" implVendorID="http://www.jboss.org/" implURL="http://www.jboss.org/" sealed="false" md5Digest="9ef6cd15048641db4d3935f5a972e8ec"/>
  <jar name="jbossts-common.jar" specVersion="4.2.3.GA" specVendor="JBoss (http://www.jboss.org/)" specTitle="JBoss" implVersion="4.2.3.GA (build: SVNTag=JBoss_4_2_3_GA date=200807181417)" implVendor="JBoss Inc." implTitle="JBoss [Trinity]" implVendorID="http://www.jboss.org/" implURL="http://www.jboss.org/" sealed="false" md5Digest="a77f76c1300702158ced06487cc4f49b"/>
  <jar name="jbossweb-extras.jar" specVersion="4.2.3.GA" specVendor="JBoss (http://www.jboss.org/)" specTitle="JBoss" implVersion="4.2.3.GA (build: SVNTag=JBoss_4_2_3_GA date=200807181417)" implVendor="JBoss Inc." implTitle="JBoss [Trinity]" implVendorID="http://www.jboss.org/" implURL="http://www.jboss.org/" sealed="false" md5Digest="1786b87a6a526643850f8fb6e42efe7d"/>
  <jar name="jbossweb-service.jar" specVersion="4.2.3.GA" specVendor="JBoss (http://www.jboss.org/)" specTitle="JBoss" implVersion="4.2.3.GA (build: SVNTag=JBoss_4_2_3_GA date=200807181417)" implVendor="JBoss Inc." implTitle="JBoss [Trinity]" implVendorID="http://www.jboss.org/" implURL="http://www.jboss.org/" sealed="false" md5Digest="7b6bc15baebe03547b544824bb824e57"/>
  <jar name="jbossweb.jar" specVersion="4.2.3.GA" specVendor="JBoss (http://www.jboss.org/)" specTitle="JBoss" implVersion="4.2.3.GA (build: SVNTag=JBoss_4_2_3_GA date=200807181417)" implVendor="JBoss Inc." implTitle="JBoss [Trinity]" implVendorID="http://www.jboss.org/" implURL="http://www.jboss.org/" sealed="false" md5Digest="3647dd51add9fb971812589c6d972544"/>
  <jar name="jbossws-client.jar" specVersion="jbossws-3.0" specVendor="JBoss (http://www.jboss.org)" specTitle="JBossWS" implVersion="jbossws-3.0.1-native-2.0.4.GA (build=200803312044)" implVendor="JBoss Inc." implTitle="JBoss Web Services - Native" implVendorID="http://www.jboss.org" implURL="http://www.jboss.org/products/jbossws" sealed="false" md5Digest="2921917cc6b54ec4a264bef505670d21"/>
  <jar name="jbossws-common.jar" specVersion="jbossws-3.0" specVendor="JBoss (http://www.jboss.org)" specTitle="JBossWS" implVersion="jbossws-1.0.4.GA (build=200803271754)" implVendor="JBoss Inc." implTitle="@implementation.title@" implVendorID="http://www.jboss.org" implURL="http://www.jboss.org/products/jbossws" sealed="false" md5Digest="c30f295db1ae64ef86c28546bf01601a"/>
  <jar name="jbossws-core.jar" specVersion="jbossws-3.0" specVendor="JBoss (http://www.jboss.org)" specTitle="JBossWS" implVersion="jbossws-3.0.1-native-2.0.4.GA (build=200803312044)" implVendor="JBoss Inc." implTitle="JBoss Web Services - Native" implVendorID="http://www.jboss.org" implURL="http://www.jboss.org/products/jbossws" sealed="false" md5Digest="ede8e6b6938173ba3fc7a3ff3bf92c7a"/>
  <jar name="jbossws-framework.jar" specVersion="jbossws-3.0" specVendor="JBoss (http://www.jboss.org)" specTitle="JBossWS" implVersion="jbossws-3.0.1.GA (build=200803271800)" implVendor="JBoss Inc." implTitle="JBoss Web Services - Framework" implVendorID="http://www.jboss.org" implURL="http://www.jboss.org/products/jbossws" sealed="false" md5Digest="d64439f732dd15dd195365cc2fbfdc12"/>
  <jar name="jbossws-jboss42.jar" specVersion="4.2.3.GA" specVendor="JBoss (http://www.jboss.org/)" specTitle="JBoss" implVersion="4.2.3.GA (build: SVNTag=JBoss_4_2_3_GA date=200807181417) (build=200807181420)" implVendor="JBoss Inc." implTitle="JBoss [Trinity]" implVendorID="http://www.jboss.org/" implURL="http://www.jboss.org/" sealed="false" md5Digest="48e73071870c4ae3f47dddb7878e06ce"/>
  <jar name="jbossws-spi.jar" specVersion="jbossws-3.0" specVendor="JBoss (http://www.jboss.org)" specTitle="JBossWS" implVersion="jbossws-1.0.2.GA (build=200803271745)" implVendor="JBoss Inc." implTitle="JBoss Web Services - SPI" implVendorID="http://www.jboss.org" implURL="http://www.jboss.org/products/jbossws" sealed="false" md5Digest="2df06896ca9d37358b6579b978d4dd25"/>
  <jar name="jcommon.jar" specVersion="4.2.3.GA" specVendor="JBoss (http://www.jboss.org/)" specTitle="JBoss" implVersion="4.2.3.GA (build: SVNTag=JBoss_4_2_3_GA date=200807181417)" implVendor="JBoss Inc." implTitle="JBoss [Trinity]" implVendorID="http://www.jboss.org/" implURL="http://www.jboss.org/" sealed="false" md5Digest="94d58c5bebec5c10f08819e1d578cce7"/>
  <jar name="jettison.jar" specVersion="4.2.3.GA" specVendor="JBoss (http://www.jboss.org/)" specTitle="JBoss" implVersion="4.2.3.GA (build: SVNTag=JBoss_4_2_3_GA date=200807181417)" implVendor="JBoss Inc." implTitle="JBoss [Trinity]" implVendorID="http://www.jboss.org/" implURL="http://www.jboss.org/" sealed="false" md5Digest="688432c5e1b8d69206882b85cbf0abf2"/>
  <jar name="jfreechart.jar" specVersion="4.2.3.GA" specVendor="JBoss (http://www.jboss.org/)" specTitle="JBoss" implVersion="4.2.3.GA (build: SVNTag=JBoss_4_2_3_GA date=200807181417)" implVendor="JBoss Inc." implTitle="JBoss [Trinity]" implVendorID="http://www.jboss.org/" implURL="http://www.jboss.org/" sealed="false" md5Digest="a6a2d047f505c87362cc54663e45976b"/>
  <jar name="jgroups.jar" specVersion="4.2.3.GA" specVendor="JBoss (http://www.jboss.org/)" specTitle="JBoss" implVersion="2.4.1-SP4" implVendor="JBoss Inc." implTitle="JBoss [Trinity]" implVendorID="http://www.jboss.org/" implURL="http://www.jboss.org/" sealed="false" md5Digest="bc7591460ac6876205e2f4e5a139321"/>
  <jar name="jms-ra.rar" specVersion="4.2.3.GA" specVendor="JBoss (http://www.jboss.org/)" specTitle="JBoss" implVersion="4.2.3.GA (build: SVNTag=JBoss_4_2_3_GA date=200807181417)" implVendor="JBoss Inc." implTitle="JBoss [Trinity]" implVendorID="http://www.jboss.org/" implURL="http://www.jboss.org/" sealed="false" md5Digest="f5e1368c9e1aaca4c3145d96bc6eb1c"/>
  <jar name="jmx-adaptor-plugin.jar" specVersion="4.2.3.GA" specVendor="JBoss (http://www.jboss.org/)" specTitle="JBoss" implVersion="4.2.3.GA (build: SVNTag=JBoss_4_2_3_GA date=200807181417)" implVendor="JBoss Inc." implTitle="JBoss [Trinity]" implVendorID="http://www.jboss.org/" implURL="http://www.jboss.org/" sealed="false" md5Digest="89fa870a2b491f9ce31ff402d0e91b03"/>
  <jar name="jmx-client.jar" specVersion="4.2.3.GA" specVendor="JBoss (http://www.jboss.org/)" specTitle="JBoss" implVersion="4.2.3.GA (build: SVNTag=JBoss_4_2_3_GA date=200807181417)" implVendor="JBoss Inc." implTitle="JBoss [Trinity]" implVendorID="http://www.jboss.org/" implURL="http://www.jboss.org/" sealed="false" md5Digest="15228f7cd5530f02f527731b1c2ff1f1"/>
  <jar name="jmx-invoker-adaptor-client.jar" specVersion="4.2.3.GA" specVendor="JBoss (http://www.jboss.org/)" specTitle="JBoss" implVersion="4.2.3.GA (build: SVNTag=JBoss_4_2_3_GA date=200807181417)" implVendor="JBoss Inc." implTitle="JBoss [Trinity]" implVendorID="http://www.jboss.org/" implURL="http://www.jboss.org/" sealed="false" md5Digest="defc676a87d60fb33734c551a5031aed"/>
  <jar name="jnp-client.jar" specVersion="4.2.3.GA" specVendor="JBoss (http://www.jboss.org/)" specTitle="JBoss" implVersion="4.2.3.GA (build: SVNTag=JBoss_4_2_3_GA date=200807181417)" implVendor="JBoss Inc." implTitle="JBoss [Trinity]" implVendorID="http://www.jboss.org/" implURL="http://www.jboss.org/" sealed="false" md5Digest="371d60ae5bd41a1bcb96fd51e8402181"/>
  <jar name="jnpserver.jar" specVersion="4.2.3.GA" specVendor="JBoss (http://www.jboss.org/)" specTitle="JBoss" implVersion="4.2.3.GA (build: SVNTag=JBoss_4_2_3_GA date=200807181417)" implVendor="JBoss Inc." implTitle="JBoss [Trinity]" implVendorID="http://www.jboss.org/" implURL="http://www.jboss.org/" sealed="false" md5Digest="782f2864454a11da2a7ff73a0d9a5176"/>
  <jar name="joesnmp.jar" specVersion="4.2.3.GA" specVendor="JBoss (http://www.jboss.org/)" specTitle="JBoss" implVersion="0.3.4" implVendor="joeSNMP" implTitle="JBoss [Trinity]" implVendorID="http://www.jboss.org/" implURL="http://sourceforge.net/projects/joesnmp" sealed="false" md5Digest="703e9bc9a87b9da5e185f695e30671c"/>
  <jar name="jrockit-pluggable-instrumentor.jar" specVersion="jboss-aop-1.5.6.GA" specVendor="JBoss (http://www.jboss.org/)" specTitle="JBoss AOP Framework" implVersion="jboss-aop-1.5.6.GA" implVendor="JBoss.org" implTitle="JBoss AOP Framework" implVendorID="http://www.jboss.org/" implURL="http://www.jboss.org/" sealed="false" md5Digest="7fcd527828e95d850b3b95e5b1b9d59d"/>
  <jar name="jsf-api.jar" specVersion="1.2MR2" specVendor="JBoss (http://www.jboss.org/)" specTitle="JavaServer Faces" implVersion="1.2_09-b01-BETA1" implVendor="Sun Microsystems, Inc." implTitle="Mojarra" implVendorID="com.sun" implURL="http://www.jboss.org/" sealed="false" md5Digest="6ed70f2bb45655a9fd61c57859dc6966"/>
  <jar name="jsf-impl.jar" specVersion="1.2MR2" specVendor="JBoss (http://www.jboss.org/)" specTitle="JavaServer Faces" implVersion="1.2_09-b01-BETA1" implVendor="Sun Microsystems, Inc." implTitle="Mojarra" implVendorID="com.sun" implURL="http://www.jboss.org/" sealed="false" md5Digest="c99974c0bad03b3ce7ed5cbf892dde0b"/>
  <jar name="jsp-api.jar" specVersion="4.2.3.GA" specVendor="JBoss (http://www.jboss.org/)" specTitle="JBoss" implVersion="4.2.3.GA (build: SVNTag=JBoss_4_2_3_GA date=200807181417)" implVendor="JBoss Inc." implTitle="JBoss [Trinity]" implVendorID="http://www.jboss.org/" implURL="http://www.jboss.org/" sealed="false" md5Digest="93c661ddf7b90637dda7021db9ab2774"/>
  <jar name="jstl.jar" specVersion="1.2" specVendor="Sun Microsystems, Inc." specTitle="JavaServer Pages(TM) Standard Tag Library" implVersion="1.2" implVendor="Sun Microsystems, Inc." implTitle="Sun Java System Application Server" implVendorID="org.apache" implURL="http://www.jboss.org/" sealed="false" md5Digest="81b90ea27f3fbc358598eb3f3fb9601b"/>
  <jar name="juddi-saaj.jar" specVersion="4.2.3.GA" specVendor="JBoss (http://www.jboss.org/)" specTitle="JBoss" implVersion="4.2.3.GA (build: SVNTag=JBoss_4_2_3_GA date=200807181417)" implVendor="JBoss Inc." implTitle="JBoss [Trinity]" implVendorID="http://www.jboss.org/" implURL="http://www.jboss.org/" sealed="false" md5Digest="84cc878e2cf10f4200c0d6f1ad702a71"/>
  <jar name="juddi-service.jar" specVersion="4.2.3.GA" specVendor="JBoss (http://www.jboss.org/)" specTitle="JBoss" implVersion="4.2.3.GA (build: SVNTag=JBoss_4_2_3_GA date=200807181417)" implVendor="JBoss Inc." implTitle="JBoss [Trinity]" implVendorID="http://www.jboss.org/" implURL="http://www.jboss.org/" sealed="false" md5Digest="fff6fc19995143ecb0caf8f6358ed9fb"/>
  <jar name="juddi.jar" specVersion="4.2.3.GA" specVendor="JBoss (http://www.jboss.org/)" specTitle="JBoss" implVersion="4.2.3.GA (build: SVNTag=JBoss_4_2_3_GA date=200807181417)" implVendor="JBoss Inc." implTitle="JBoss [Trinity]" implVendorID="http://www.jboss.org/" implURL="http://www.jboss.org/" sealed="false" md5Digest="92ee9ecf044d71f9458e02a1792aa18a"/>
  <jar name="log4j-boot.jar" specVersion="4.2.3.GA" specVendor="JBoss (http://www.jboss.org/)" specTitle="JBoss" implVersion="4.2.3.GA (build: SVNTag=JBoss_4_2_3_GA date=200807181417)" implVendor="JBoss Inc." implTitle="JBoss [Trinity]" implVendorID="http://www.jboss.org/" implURL="http://www.jboss.org/" sealed="false" md5Digest="e23f203d70c7f4e36cd9a8fd10500cc4"/>
  <jar name="log4j-snmp-appender.jar" specVersion="4.2.3.GA" specVendor="JBoss (http://www.jboss.org/)" specTitle="JBoss" implVersion="4.2.3.GA (build: SVNTag=JBoss_4_2_3_GA date=200807181417)" implVendor="JBoss Inc." implTitle="JBoss [Trinity]" implVendorID="http://www.jboss.org/" implURL="http://www.jboss.org/" sealed="false" md5Digest="2fe2f2001cbb5c95aa2c6c0855138b96"/>
  <jar name="log4j.jar" specVersion="4.2.3.GA" specVendor="JBoss (http://www.jboss.org/)" specTitle="JBoss" implVersion="4.2.3.GA (build: SVNTag=JBoss_4_2_3_GA date=200807181417)" implVendor="JBoss Inc." implTitle="JBoss [Trinity]" implVendorID="http://www.jboss.org/" implURL="http://www.jboss.org/" sealed="false" md5Digest="467e96fbc3b1794eb2b74c27052ae267"/>
  <jar name="logging-monitor.jar" specVersion="4.2.3.GA" specVendor="JBoss (http://www.jboss.org/)" specTitle="JBoss" implVersion="4.2.3.GA (build: SVNTag=JBoss_4_2_3_GA date=200807181417)" implVendor="JBoss Inc." implTitle="JBoss [Trinity]" implVendorID="http://www.jboss.org/" implURL="http://www.jboss.org/" sealed="false" md5Digest="436d1ef0fbddf71bf8f2dfea8a9ea9d2"/>
  <jar name="logkit.jar" specVersion="1.0" specVendor="Apache Software Foundation" specTitle="JBoss" implVersion="1.2" implVendor="Apache Software Foundation" implTitle="JBoss [Trinity]" implVendorID="ASF" implURL="http://www.jboss.org/" sealed="false" md5Digest="bc3d005c216ea5cd4a5157aeeecd4bf0"/>
  <jar name="mail-plugin.jar" specVersion="4.2.3.GA" specVendor="JBoss (http://www.jboss.org/)" specTitle="JBoss" implVersion="4.2.3.GA (build: SVNTag=JBoss_4_2_3_GA date=200807181417)" implVendor="JBoss Inc." implTitle="JBoss [Trinity]" implVendorID="http://www.jboss.org/" implURL="http://www.jboss.org/" sealed="false" md5Digest="d158e612443b24a318c22275eac77eed"/>
  <jar name="mail-ra.rar" specVersion="4.2.3.GA" specVendor="JBoss (http://www.jboss.org/)" specTitle="JBoss" implVersion="4.2.3.GA (build: SVNTag=JBoss_4_2_3_GA date=200807181417)" implVendor="JBoss Inc." implTitle="JBoss [Trinity]" implVendorID="http://www.jboss.org/" implURL="http://www.jboss.org/" sealed="false" md5Digest="14e777c4461eb397c6b20e8e62606396"/>
  <jar name="mail.jar" specVersion="1.4" specVendor="Sun Microsystems, Inc." specTitle="JavaMail(TM) API Design Specification" implVersion="1.4" implVendor="Sun Microsystems, Inc." implTitle="JavaMail(TM) API Reference Implementation" implVendorID="com.sun" implURL="http://www.jboss.org/" sealed="false" md5Digest="db2deccdec92cdb224f9ffeafa461a0d"/>
  <jar name="netboot.war" specVersion="4.2.3.GA" specVendor="JBoss (http://www.jboss.org/)" specTitle="JBoss" implVersion="4.2.3.GA (build: SVNTag=JBoss_4_2_3_GA date=200807181417)" implVendor="JBoss Inc." implTitle="JBoss [Trinity]" implVendorID="http://www.jboss.org/" implURL="http://www.jboss.org/" sealed="false" md5Digest="77964ca493bb35b9e95382850fd339b6"/>
  <jar name="otherimages.jar" specVersion="4.2.3.GA" specVendor="JBoss (http://www.jboss.org/)" specTitle="JBoss" implVersion="4.2.3.GA (build: SVNTag=JBoss_4_2_3_GA date=200807181417)" implVendor="JBoss Inc." implTitle="JBoss [Trinity]" implVendorID="http://www.jboss.org/" implURL="http://www.jboss.org/" sealed="false" md5Digest="c9911484898f9b320a48b0142f45f6e"/>
  <jar name="pluggable-instrumentor.jar" specVersion="jboss-aop-1.5.6.GA" specVendor="JBoss (http://www.jboss.org/)" specTitle="JBoss AOP Framework" implVersion="jboss-aop-1.5.6.GA" implVendor="JBoss.org" implTitle="JBoss AOP Framework" implVendorID="http://www.jboss.org/" implURL="http://www.jboss.org/" sealed="false" md5Digest="846c86c72d8717e57fa99939159fc703"/>
  <jar name="policy.jar" specVersion="4.2.3.GA" specVendor="Apache Software Foundation" specTitle="" implVersion="1.0" implVendor="Apache Software Foundation" implTitle="org.apache.ws.policy" implVendorID="http://www.jboss.org/" implURL="http://www.jboss.org/" sealed="false" md5Digest="b62352c10fcecd12277be4f20bb36158"/>
  <jar name="properties-plugin.jar" specVersion="4.2.3.GA" specVendor="JBoss (http://www.jboss.org/)" specTitle="JBoss" implVersion="4.2.3.GA (build: SVNTag=JBoss_4_2_3_GA date=200807181417)" implVendor="JBoss Inc." implTitle="JBoss [Trinity]" implVendorID="http://www.jboss.org/" implURL="http://www.jboss.org/" sealed="false" md5Digest="fb57eabc7b3dfe0b48838a071cadb38b"/>
  <jar name="quartz-ra.rar" specVersion="4.2.3.GA" specVendor="JBoss (http://www.jboss.org/)" specTitle="JBoss" implVersion="4.2.3.GA (build: SVNTag=JBoss_4_2_3_GA date=200807181417)" implVendor="JBoss Inc." implTitle="JBoss [Trinity]" implVendorID="http://www.jboss.org/" implURL="http://www.jboss.org/" sealed="false" md5Digest="4cc654c1292cee9ab020c61bd4aad88b"/>
  <jar name="quartz.jar" specVersion="4.2.3.GA" specVendor="JBoss (http://www.jboss.org/)" specTitle="JBoss" implVersion="1.5.2" implVendor="OpenSymphony" implTitle="Quartz Enterprise Job Scheduler" implVendorID="http://www.jboss.org/" implURL="http://www.jboss.org/" sealed="false" md5Digest="a9589f96754e98616674c9120cd5ed8b"/>
  <jar name="run.jar" specVersion="4.2.3.GA" specVendor="JBoss (http://www.jboss.org/)" specTitle="JBoss" implVersion="4.2.3.GA (build: SVNTag=JBoss_4_2_3_GA date=200807181417)" implVendor="JBoss Inc." implTitle="JBoss [Trinity]" implVendorID="http://www.jboss.org/" implURL="http://www.jboss.org/" sealed="false" md5Digest="6313bbd0f49b86d12632ef13a4b46151"/>
  <jar name="scheduler-plugin-example.jar" specVersion="4.2.3.GA" specVendor="JBoss (http://www.jboss.org/)" specTitle="JBoss" implVersion="4.2.3.GA (build: SVNTag=JBoss_4_2_3_GA date=200807181417)" implVendor="JBoss Inc." implTitle="JBoss [Trinity]" implVendorID="http://www.jboss.org/" implURL="http://www.jboss.org/" sealed="false" md5Digest="c335cb4bc035b4653565b8fecf29e19a"/>
  <jar name="scheduler-plugin.jar" specVersion="4.2.3.GA" specVendor="JBoss (http://www.jboss.org/)" specTitle="JBoss" implVersion="4.2.3.GA (build: SVNTag=JBoss_4_2_3_GA date=200807181417)" implVendor="JBoss Inc." implTitle="JBoss [Trinity]" implVendorID="http://www.jboss.org/" implURL="http://www.jboss.org/" sealed="false" md5Digest="349365f8693f169def55fa3ab5077854"/>
  <jar name="scout.jar" specVersion="4.2.3.GA" specVendor="JBoss (http://www.jboss.org/)" specTitle="JBoss" implVersion="4.2.3.GA (build: SVNTag=JBoss_4_2_3_GA date=200807181417)" implVendor="JBoss Inc." implTitle="JBoss [Trinity]" implVendorID="http://www.jboss.org/" implURL="http://www.jboss.org/" sealed="false" md5Digest="54b7f93837fe99076342f3c6d2703e87"/>
  <jar name="serializer.jar" specVersion="4.2.3.GA" specVendor="JBoss (http://www.jboss.org/)" specTitle="JBoss" implVersion="4.2.3.GA (build: SVNTag=JBoss_4_2_3_GA date=200807181417)" implVendor="JBoss Inc." implTitle="JBoss [Trinity]" implVendorID="http://www.jboss.org/" implURL="http://www.jboss.org/" sealed="false" md5Digest="1de5e1d2452aa3a9abfcafda6f561b9e"/>
  <jar name="servlet-api.jar" specVersion="4.2.3.GA" specVendor="JBoss (http://www.jboss.org/)" specTitle="JBoss" implVersion="4.2.3.GA (build: SVNTag=JBoss_4_2_3_GA date=200807181417)" implVendor="JBoss Inc." implTitle="JBoss [Trinity]" implVendorID="http://www.jboss.org/" implURL="http://www.jboss.org/" sealed="false" md5Digest="cdba6cafa68d10a32cb9e76cce8ffbb1"/>
  <jar name="shutdown.jar" specVersion="4.2.3.GA" specVendor="JBoss (http://www.jboss.org/)" specTitle="JBoss" implVersion="4.2.3.GA (build: SVNTag=JBoss_4_2_3_GA date=200807181417)" implVendor="JBoss Inc." implTitle="JBoss [Trinity]" implVendorID="http://www.jboss.org/" implURL="http://www.jboss.org/" sealed="false" md5Digest="5c3d41622869bbc77d760f15f06ab70f"/>
  <jar name="snmp-adaptor.jar" specVersion="4.2.3.GA" specVendor="JBoss (http://www.jboss.org/)" specTitle="JBoss" implVersion="4.2.3.GA (build: SVNTag=JBoss_4_2_3_GA date=200807181417)" implVendor="JBoss Inc." implTitle="JBoss [Trinity]" implVendorID="http://www.jboss.org/" implURL="http://www.jboss.org/" sealed="false" md5Digest="ef596a42c9005694e072d78591568440"/>
  <jar name="stax-api.jar" specVersion="1.0" specVendor="JCP-173" specTitle="StAX" implVersion="1.0" implVendor="JCP" implTitle="StAX 1.0 API" implVendorID="http://www.jboss.org/" implURL="http://www.jboss.org/" sealed="false" md5Digest="f92d8e4f9b839942494a7bda8b42fcd6"/>
  <jar name="stax-ex.jar" specVersion="4.2.3.GA" specVendor="java.net" specTitle="" implVersion="1.1-SNAPSHOT" implVendor="java.net" implTitle="org.jvnet.staxex" implVendorID="http://www.jboss.org/" implURL="http://www.jboss.org/" sealed="false" md5Digest="29fee33c27771a70e07b11a44fee874a"/>
  <jar name="streambuffer.jar" specVersion="4.2.3.GA" specVendor="JBoss (http://www.jboss.org/)" specTitle="JBoss" implVersion="0.3" implVendor="Sun Microsystems, Inc." implTitle="XML Stream Buffer Implementation " implVendorID="com.sun" implURL="http://www.jboss.org/" sealed="false" md5Digest="d62648e5dd5be8e05e6d23f2a112d387"/>
  <jar name="trove.jar" specVersion="4.2.3.GA" specVendor="JBoss (http://www.jboss.org/)" specTitle="JBoss" implVersion="4.2.3.GA (build: SVNTag=JBoss_4_2_3_GA date=200807181417)" implVendor="JBoss Inc." implTitle="JBoss [Trinity]" implVendorID="http://www.jboss.org/" implURL="http://www.jboss.org/" sealed="false" md5Digest="a746a09d7cbdb03271c6d0efddc1d88b"/>
  <jar name="twiddle.jar" specVersion="4.2.3.GA" specVendor="JBoss (http://www.jboss.org/)" specTitle="JBoss" implVersion="4.2.3.GA (build: SVNTag=JBoss_4_2_3_GA date=200807181417)" implVendor="JBoss Inc." implTitle="JBoss [Trinity]" implVendorID="http://www.jboss.org/" implURL="http://www.jboss.org/" sealed="false" md5Digest="c615c8fb1c7deff03855f811ef9490e5"/>
  <jar name="wsdl4j.jar" specVersion="1.2" specVendor="IBM (Java Community Process)" specTitle="JWSDL" implVersion="1.6.2" implVendor="IBM" implTitle="WSDL4J" implVendorID="http://www.jboss.org/" implURL="http://www.jboss.org/" sealed="false" md5Digest="4fc6accf84e4d5bf8b4ff6ca26aac291"/>
  <jar name="wstx.jar" specVersion="1.0" specVendor="http://jcp.org/en/jsr/detail?id=173" specTitle="StAX 1.0 API" implVersion="3.1.1" implVendor="woodstox.codehaus.org" implTitle="WoodSToX XML-processor" implVendorID="http://www.jboss.org/" implURL="http://www.jboss.org/" sealed="false" md5Digest="e60997891d44b378fd9890aad9ea75dc"/>
  <jar name="xalan.jar" specVersion="4.2.3.GA" specVendor="JBoss (http://www.jboss.org/)" specTitle="JBoss" implVersion="4.2.3.GA (build: SVNTag=JBoss_4_2_3_GA date=200807181417)" implVendor="JBoss Inc." implTitle="JBoss [Trinity]" implVendorID="http://www.jboss.org/" implURL="http://www.jboss.org/" sealed="false" md5Digest="2e49705047986e8193768a4dc6952ebb"/>
  <jar name="xercesImpl.jar" specVersion="4.2.3.GA" specVendor="JBoss (http://www.jboss.org/)" specTitle="JBoss" implVersion="4.2.3.GA (build: SVNTag=JBoss_4_2_3_GA date=200807181417)" implVendor="JBoss Inc." implTitle="JBoss [Trinity]" implVendorID="http://www.jboss.org/" implURL="http://www.jboss.org/" sealed="false" md5Digest="c7a77e7f71de574d7806bbb21a75dbc7"/>
  <jar name="xmlentitymgr.jar" specVersion="4.2.3.GA" specVendor="JBoss (http://www.jboss.org/)" specTitle="JBoss" implVersion="4.2.3.GA (build: SVNTag=JBoss_4_2_3_GA date=200807181417)" implVendor="JBoss Inc." implTitle="JBoss [Trinity]" implVendorID="http://www.jboss.org/" implURL="http://www.jboss.org/" sealed="false" md5Digest="8703c54e4904446221c3a2bc552007c"/>
  <jar name="xmlsec.jar" specVersion="4.2.3.GA" specVendor="JBoss (http://www.jboss.org/)" specTitle="JBoss" implVersion="4.2.3.GA (build: SVNTag=JBoss_4_2_3_GA date=200807181417)" implVendor="JBoss Inc." implTitle="JBoss [Trinity]" implVendorID="http://www.jboss.org/" implURL="http://www.jboss.org/" sealed="false" md5Digest="de6281e7302f64a610aaa5fd5987a3fb"/>
</jar-versions>
